<beans xmlns="http://www.springframework.org/schema/beans"  
    xmlns:xsi="http://www.w3.org/2001/XMLSchema-instance"   
    xmlns:context="http://www.springframework.org/schema/context"  
    xmlns:mvc="http://www.springframework.org/schema/mvc"  
    xsi:schemaLocation="  
        http://www.springframework.org/schema/beans  
        http://www.springframework.org/schema/beans/spring-beans.xsd  
        http://www.springframework.org/schema/context  
        http://www.springframework.org/schema/context/spring-context.xsd  
        http://www.springframework.org/schema/mvc  
        http://www.springframework.org/schema/mvc/spring-mvc.xsd">  

<context:component-scan base-package="com.ct.controller"></context:component-scan>

<context:component-scan base-package="com.ct.*"></context:component-scan>

<mvc:annotation-driven> </mvc:annotation-driven>

<mvc:resources mapping="\jsp\images\**" location="\jsp\images\" />

<bean
		class="org.springframework.web.servlet.view.InternalResourceViewResolver">
		<property name="prefix">
			<value>/WEB-INF/jsp/</value>
		</property>
		<property name="suffix">
			<value>.jsp</value>
		</property>
	</bean>

<bean id="dataSource"
		class="org.springframework.jdbc.datasource.DriverManagerDataSource">

		<property name="driverClassName"
			value="com.mysql.jdbc.Driver" />
		<property name="url" value="jdbc:mysql://localhost:3306/test" />
		<property name="username" value="root" />
		<property name="password" value="root" />
	</bean>
<!-- <bean id="multipartResolver"
		    class="org.springframework.web.multipart.commons.CommonsMultipartResolver">
			Maximum Upload Size (In Bytes)
		        <property name="maxUploadSize" value="20971520" />
		        Maximum Size Of The File In Memory (In Bytes)
		        <property name="maxInMemorySize" value="1048576" />
		</bean> -->
</beans>